,importance,stddev,p_value,n,p99_high,p99_low
Temperature,0.0674175404283025,0.014852214723160501,0.0002652534195107979,5,0.09799845582271267,0.03683662503389233
Solar_Radiation,0.06120119976713727,0.02418353911014348,0.00240332398403996,5,0.11099544104695445,0.011406958487320082
Total_River_Discharge,0.0487251878656733,0.012508845258651655,0.00047841469200553185,5,0.07448107314385177,0.02296930258749483
Phosphate,0.04659523263399965,0.015442693529225785,0.0012578730392879156,5,0.07839195205138265,0.014798513216616654
Salinity,0.03500809087238099,0.012823818141932269,0.0018222735696151059,5,0.06141250967062213,0.008603672074139857
Dissolved_Oxygen,0.02701056370563033,0.006822314950243719,0.00044947565226761076,5,0.04105780448259551,0.012963322928665151
Silicate,0.02340946781967652,0.016282864218255026,0.016221165270954706,5,0.0569361102981637,-0.010117174658810662
Nitrate,0.014923057126304973,0.008770965427341596,0.009515091191730274,5,0.0329825961688265,-0.003136481916216547
Rainfall,-0.018571560546919753,0.008938036583832194,0.9951552699256976,5,-0.00016801968401531503,-0.03697510140982419
